{"v":"5.6.1","fr":10,"ip":0,"op":75,"w":270,"h":250,"nm":"Comp 1","ddd":0,"assets":[{"id":"comp_0","layers":[{"ddd":0,"ind":1,"ty":4,"nm":"cruz/doctora_anglo contornos","sr":1,"ks":{"o":{"a":0,"k":100,"ix":11},"r":{"a":0,"k":0,"ix":10},"p":{"a":0,"k":[135,125,0],"ix":2},"a":{"a":0,"k":[124,104,0],"ix":1},"s":{"a":0,"k":[100,100,100],"ix":6}},"ao":0,"shapes":[{"ty":"gr","it":[{"ind":0,"ty":"sh","ix":1,"ks":{"a":0,"k":{"i":[[0.867,0],[0,0],[0,0],[0.868,0],[0,0],[0,-0.868],[0,0],[0,0],[0,-0.868],[0,0],[-0.867,0],[0,0],[0,0],[-0.868,0],[0,0],[0,0.868],[0,0],[0,0],[0,0.868],[0,0]],"o":[[0,0],[0,0],[0,-0.868],[0,0],[-0.868,0],[0,0],[0,0],[-0.867,0],[0,0],[0,0.868],[0,0],[0,0],[0,0.868],[0,0],[0.868,0],[0,0],[0,0],[0.867,0],[0,0],[0,-0.868]],"v":[[12.089,-3.755],[3.754,-3.755],[3.754,-12.089],[2.177,-13.667],[-2.177,-13.667],[-3.755,-12.089],[-3.755,-3.755],[-12.089,-3.755],[-13.666,-2.177],[-13.666,2.176],[-12.089,3.755],[-3.755,3.755],[-3.755,12.089],[-2.177,13.667],[2.177,13.667],[3.754,12.089],[3.754,3.755],[12.089,3.755],[13.666,2.176],[13.666,-2.177]],"c":true},"ix":2},"nm":"Trazado 1","mn":"ADBE Vector Shape - Group","hd":false},{"ty":"fl","c":{"a":0,"k":[0.49411764705882355,0.8274509803921568,0.12941176470588237,1],"ix":4},"o":{"a":0,"k":100,"ix":5},"r":1,"bm":0,"nm":"Relleno 1","mn":"ADBE Vector Graphic - Fill","hd":false},{"ty":"tr","p":{"a":0,"k":[191.256,59.256],"ix":2},"a":{"a":0,"k":[0,0],"ix":1},"s":{"a":0,"k":[100,100],"ix":3},"r":{"a":0,"k":0,"ix":6},"o":{"a":0,"k":100,"ix":7},"sk":{"a":0,"k":0,"ix":4},"sa":{"a":0,"k":0,"ix":5},"nm":"Transformar"}],"nm":"Grupo 1","np":4,"cix":2,"bm":0,"ix":1,"mn":"ADBE Vector Group","hd":false}],"ip":0,"op":1500,"st":0,"bm":0},{"ddd":0,"ind":2,"ty":4,"nm":"circulo/doctora_anglo contornos","sr":1,"ks":{"o":{"a":0,"k":100,"ix":11},"r":{"a":0,"k":0,"ix":10},"p":{"a":0,"k":[135,125,0],"ix":2},"a":{"a":0,"k":[124,104,0],"ix":1},"s":{"a":0,"k":[100,100,100],"ix":6}},"ao":0,"shapes":[{"ty":"gr","it":[{"ind":0,"ty":"sh","ix":1,"ks":{"a":0,"k":{"i":[[12.844,0],[0,12.843],[-12.845,0],[0,-12.845]],"o":[[-12.845,0],[0,-12.845],[12.844,0],[0,12.843]],"v":[[0,23.256],[-23.256,0.001],[0,-23.256],[23.256,0.001]],"c":true},"ix":2},"nm":"Trazado 1","mn":"ADBE Vector Shape - Group","hd":false},{"ty":"fl","c":{"a":0,"k":[0.898000021542,0.913999968884,0.941000007181,1],"ix":4},"o":{"a":0,"k":100,"ix":5},"r":1,"bm":0,"nm":"Relleno 1","mn":"ADBE Vector Graphic - Fill","hd":false},{"ty":"tr","p":{"a":0,"k":[191.256,59.256],"ix":2},"a":{"a":0,"k":[0,0],"ix":1},"s":{"a":0,"k":[100,100],"ix":3},"r":{"a":0,"k":0,"ix":6},"o":{"a":0,"k":100,"ix":7},"sk":{"a":0,"k":0,"ix":4},"sa":{"a":0,"k":0,"ix":5},"nm":"Transformar"}],"nm":"Grupo 1","np":4,"cix":2,"bm":0,"ix":1,"mn":"ADBE Vector Group","hd":false}],"ip":0,"op":1500,"st":0,"bm":0}]},{"id":"comp_1","layers":[{"ddd":0,"ind":1,"ty":4,"nm":"ADN/doctora_anglo contornos","sr":1,"ks":{"o":{"a":0,"k":100,"ix":11},"r":{"a":0,"k":0,"ix":10},"p":{"a":0,"k":[135,125,0],"ix":2},"a":{"a":0,"k":[124,104,0],"ix":1},"s":{"a":0,"k":[100,100,100],"ix":6}},"ao":0,"shapes":[{"ty":"gr","it":[{"ind":0,"ty":"sh","ix":1,"ks":{"a":0,"k":{"i":[[0.092,2.369],[0.267,2.393],[0.725,-0.244],[0.253,-0.038],[2.91,-1.28],[-0.302,-4.959],[-0.558,-2.414],[-0.406,0.021],[-1.925,0.179],[-1.668,4.015]],"o":[[0.002,-2.152],[-0.082,-0.735],[-0.236,0.079],[-3.098,0.476],[-4.587,2.016],[0.151,2.486],[0.132,0.573],[1.932,-0.103],[4.233,-0.393],[0.808,-1.949]],"v":[[9.219,-3.084],[8.554,-10.007],[7.548,-10.757],[6.79,-10.659],[-2.334,-8.504],[-8.999,2.233],[-7.521,9.512],[-6.616,10.027],[-0.821,9.701],[8.224,3.288]],"c":true},"ix":2},"nm":"Trazado 1","mn":"ADBE Vector Shape - Group","hd":false},{"ind":1,"ty":"sh","ix":2,"ks":{"a":0,"k":{"i":[[0.958,-0.379],[3.953,-4.906],[0.796,0.629],[-0.703,0.896],[-6.153,0.894],[-0.435,0.052],[0.415,1.924],[0.096,2.472],[-5.006,1.962],[-3.287,0.475],[0.08,1.21],[-2.126,4.553],[-0.597,1.046],[-0.867,-0.524],[0.728,-1.179],[-0.063,-4.859],[0.016,-0.764],[-0.614,0.13],[-3.83,4.215],[-0.926,-0.502],[1.024,-1.101],[4.832,-1.46],[1.352,-0.306],[-0.046,-0.563],[-0.053,-2.746],[4.045,-3.298],[2.835,-0.268],[1.461,-0.055],[-0.203,-1.036],[1.045,-3.899],[1.586,-2.217],[0.782,0.549],[-0.675,0.96],[1.163,6.021]],"o":[[-6.29,0.482],[-0.727,0.902],[-0.745,-0.587],[3.881,-4.943],[0.434,-0.063],[1.898,-0.229],[-0.516,-2.388],[-0.22,-5.647],[3.13,-1.226],[1.097,-0.158],[-0.323,-4.944],[0.509,-1.091],[0.659,-1.154],[0.976,0.589],[-2.568,4.162],[0.01,0.766],[-0.016,0.776],[5.503,-1.17],[0.654,-0.72],[1.117,0.606],[-3.432,3.688],[-1.328,0.401],[-0.546,0.123],[0.223,2.727],[0.101,5.172],[-2.26,1.845],[-1.454,0.138],[-0.844,0.032],[0.769,3.911],[-0.708,2.645],[-0.66,0.922],[-0.829,-0.582],[3.627,-5.155],[-0.195,-1.012]],"v":[[-11.156,13.619],[-26.684,21.181],[-29.082,21.542],[-29.174,19.126],[-13.98,10.621],[-12.677,10.438],[-11.19,8.286],[-12.351,1.06],[-3.155,-11.759],[6.555,-13.919],[7.95,-15.607],[10.298,-29.939],[11.98,-33.137],[14.39,-34.088],[14.791,-31.449],[11.173,-17.881],[11.294,-15.584],[12.247,-14.915],[26.431,-22.661],[28.721,-23.272],[28.853,-20.437],[16.489,-12.657],[12.468,-11.584],[11.807,-10.718],[12.542,-2.542],[6.874,10.294],[-0.993,13.001],[-5.372,13.243],[-6.438,14.493],[-6.601,26.218],[-10.081,33.487],[-12.428,34.063],[-12.746,31.673],[-9.709,14.816]],"c":true},"ix":2},"nm":"Trazado 2","mn":"ADBE Vector Shape - Group","hd":false},{"ty":"mm","mm":1,"nm":"Combinar trazados 1","mn":"ADBE Vector Filter - Merge","hd":false},{"ty":"fl","c":{"a":0,"k":[0.49411764705882355,0.8274509803921568,0.12941176470588237,1],"ix":4},"o":{"a":0,"k":100,"ix":5},"r":1,"bm":0,"nm":"Relleno 1","mn":"ADBE Vector Graphic - Fill","hd":false},{"ty":"tr","p":{"a":0,"k":[217.825,88.124],"ix":2},"a":{"a":0,"k":[0,0],"ix":1},"s":{"a":0,"k":[100,100],"ix":3},"r":{"a":0,"k":0,"ix":6},"o":{"a":0,"k":100,"ix":7},"sk":{"a":0,"k":0,"ix":4},"sa":{"a":0,"k":0,"ix":5},"nm":"Transformar"}],"nm":"Grupo 1","np":6,"cix":2,"bm":0,"ix":1,"mn":"ADBE Vector Group","hd":false}],"ip":0,"op":1500,"st":0,"bm":0},{"ddd":0,"ind":2,"ty":4,"nm":"adn1/doctora_anglo contornos","sr":1,"ks":{"o":{"a":0,"k":100,"ix":11},"r":{"a":0,"k":0,"ix":10},"p":{"a":0,"k":[135,125,0],"ix":2},"a":{"a":0,"k":[124,104,0],"ix":1},"s":{"a":0,"k":[100,100,100],"ix":6}},"ao":0,"shapes":[{"ty":"gr","it":[{"ind":0,"ty":"sh","ix":1,"ks":{"a":0,"k":{"i":[[0,0],[0,0],[0,0],[0,0],[0,0],[0,0],[0,0],[0,0]],"o":[[0,0],[0,0],[0,0],[0,0],[0,0],[0,0],[0,0],[0,0]],"v":[[2.04,2.762],[6.501,6.123],[7.678,4.562],[3.217,1.2],[-2.04,-2.761],[-6.501,-6.123],[-7.678,-4.561],[-3.217,-1.2]],"c":true},"ix":2},"nm":"Trazado 1","mn":"ADBE Vector Shape - Group","hd":false},{"ty":"fl","c":{"a":0,"k":[0.616000007181,0.834999952129,0.929000016755,1],"ix":4},"o":{"a":0,"k":100,"ix":5},"r":1,"bm":0,"nm":"Relleno 1","mn":"ADBE Vector Graphic - Fill","hd":false},{"ty":"tr","p":{"a":0,"k":[200.837,109.237],"ix":2},"a":{"a":0,"k":[0,0],"ix":1},"s":{"a":0,"k":[100,100],"ix":3},"r":{"a":0,"k":0,"ix":6},"o":{"a":0,"k":100,"ix":7},"sk":{"a":0,"k":0,"ix":4},"sa":{"a":0,"k":0,"ix":5},"nm":"Transformar"}],"nm":"Grupo 1","np":2,"cix":2,"bm":0,"ix":1,"mn":"ADBE Vector Group","hd":false}],"ip":0,"op":1500,"st":0,"bm":0},{"ddd":0,"ind":3,"ty":4,"nm":"adn2/doctora_anglo contornos","sr":1,"ks":{"o":{"a":0,"k":100,"ix":11},"r":{"a":0,"k":0,"ix":10},"p":{"a":0,"k":[135,125,0],"ix":2},"a":{"a":0,"k":[124,104,0],"ix":1},"s":{"a":0,"k":[100,100,100],"ix":6}},"ao":0,"shapes":[{"ty":"gr","it":[{"ind":0,"ty":"sh","ix":1,"ks":{"a":0,"k":{"i":[[0,0],[0,0],[0,0],[0,0],[0,0],[0,0],[0,0],[0,0]],"o":[[0,0],[0,0],[0,0],[0,0],[0,0],[0,0],[0,0],[0,0]],"v":[[1.291,2.198],[4.481,4.602],[5.659,3.04],[2.469,0.636],[-1.292,-2.198],[-4.482,-4.602],[-5.659,-3.04],[-2.469,-0.635]],"c":true},"ix":2},"nm":"Trazado 1","mn":"ADBE Vector Shape - Group","hd":false},{"ty":"fl","c":{"a":0,"k":[0.616000007181,0.834999952129,0.929000016755,1],"ix":4},"o":{"a":0,"k":100,"ix":5},"r":1,"bm":0,"nm":"Relleno 1","mn":"ADBE Vector Graphic - Fill","hd":false},{"ty":"tr","p":{"a":0,"k":[204.471,105.821],"ix":2},"a":{"a":0,"k":[0,0],"ix":1},"s":{"a":0,"k":[100,100],"ix":3},"r":{"a":0,"k":0,"ix":6},"o":{"a":0,"k":100,"ix":7},"sk":{"a":0,"k":0,"ix":4},"sa":{"a":0,"k":0,"ix":5},"nm":"Transformar"}],"nm":"Grupo 1","np":2,"cix":2,"bm":0,"ix":1,"mn":"ADBE Vector Group","hd":false}],"ip":0,"op":1500,"st":0,"bm":0},{"ddd":0,"ind":4,"ty":4,"nm":"adn3/doctora_anglo contornos","sr":1,"ks":{"o":{"a":0,"k":100,"ix":11},"r":{"a":0,"k":0,"ix":10},"p":{"a":0,"k":[135,125,0],"ix":2},"a":{"a":0,"k":[124,104,0],"ix":1},"s":{"a":0,"k":[100,100,100],"ix":6}},"ao":0,"shapes":[{"ty":"gr","it":[{"ind":0,"ty":"sh","ix":1,"ks":{"a":0,"k":{"i":[[0,0],[0,0],[0,0],[0,0],[0,0],[0,0],[0,0],[0,0]],"o":[[0,0],[0,0],[0,0],[0,0],[0,0],[0,0],[0,0],[0,0]],"v":[[-2.039,-2.762],[-6.501,-6.124],[-7.678,-4.562],[-3.217,-1.201],[2.04,2.762],[6.502,6.124],[7.678,4.562],[3.217,1.199]],"c":true},"ix":2},"nm":"Trazado 1","mn":"ADBE Vector Shape - Group","hd":false},{"ty":"fl","c":{"a":0,"k":[0.616000007181,0.834999952129,0.929000016755,1],"ix":4},"o":{"a":0,"k":100,"ix":5},"r":1,"bm":0,"nm":"Relleno 1","mn":"ADBE Vector Graphic - Fill","hd":false},{"ty":"tr","p":{"a":0,"k":[214.802,92.066],"ix":2},"a":{"a":0,"k":[0,0],"ix":1},"s":{"a":0,"k":[100,100],"ix":3},"r":{"a":0,"k":0,"ix":6},"o":{"a":0,"k":100,"ix":7},"sk":{"a":0,"k":0,"ix":4},"sa":{"a":0,"k":0,"ix":5},"nm":"Transformar"}],"nm":"Grupo 1","np":2,"cix":2,"bm":0,"ix":1,"mn":"ADBE Vector Group","hd":false}],"ip":0,"op":1500,"st":0,"bm":0},{"ddd":0,"ind":5,"ty":4,"nm":"adn4/doctora_anglo contornos","sr":1,"ks":{"o":{"a":0,"k":100,"ix":11},"r":{"a":0,"k":0,"ix":10},"p":{"a":0,"k":[135,125,0],"ix":2},"a":{"a":0,"k":[124,104,0],"ix":1},"s":{"a":0,"k":[100,100,100],"ix":6}},"ao":0,"shapes":[{"ty":"gr","it":[{"ind":0,"ty":"sh","ix":1,"ks":{"a":0,"k":{"i":[[0,0],[0,0],[0,0],[0,0],[0,0],[0,0],[0,0],[0,0]],"o":[[0,0],[0,0],[0,0],[0,0],[0,0],[0,0],[0,0],[0,0]],"v":[[-2.039,-2.762],[-6.501,-6.124],[-7.678,-4.561],[-3.217,-1.201],[2.04,2.762],[6.502,6.124],[7.678,4.561],[3.217,1.2]],"c":true},"ix":2},"nm":"Trazado 1","mn":"ADBE Vector Shape - Group","hd":false},{"ty":"fl","c":{"a":0,"k":[0.616000007181,0.834999952129,0.929000016755,1],"ix":4},"o":{"a":0,"k":100,"ix":5},"r":1,"bm":0,"nm":"Relleno 1","mn":"ADBE Vector Graphic - Fill","hd":false},{"ty":"tr","p":{"a":0,"k":[217.76,88.141],"ix":2},"a":{"a":0,"k":[0,0],"ix":1},"s":{"a":0,"k":[100,100],"ix":3},"r":{"a":0,"k":0,"ix":6},"o":{"a":0,"k":100,"ix":7},"sk":{"a":0,"k":0,"ix":4},"sa":{"a":0,"k":0,"ix":5},"nm":"Transformar"}],"nm":"Grupo 1","np":2,"cix":2,"bm":0,"ix":1,"mn":"ADBE Vector Group","hd":false}],"ip":0,"op":1500,"st":0,"bm":0},{"ddd":0,"ind":6,"ty":4,"nm":"adn5/doctora_anglo contornos","sr":1,"ks":{"o":{"a":0,"k":100,"ix":11},"r":{"a":0,"k":0,"ix":10},"p":{"a":0,"k":[135,125,0],"ix":2},"a":{"a":0,"k":[124,104,0],"ix":1},"s":{"a":0,"k":[100,100,100],"ix":6}},"ao":0,"shapes":[{"ty":"gr","it":[{"ind":0,"ty":"sh","ix":1,"ks":{"a":0,"k":{"i":[[0,0],[0,0],[0,0],[0,0],[0,0],[0,0],[0,0],[0,0]],"o":[[0,0],[0,0],[0,0],[0,0],[0,0],[0,0],[0,0],[0,0]],"v":[[-2.039,-2.762],[-6.501,-6.124],[-7.678,-4.561],[-3.217,-1.2],[2.04,2.762],[6.502,6.124],[7.678,4.561],[3.217,1.199]],"c":true},"ix":2},"nm":"Trazado 1","mn":"ADBE Vector Shape - Group","hd":false},{"ty":"fl","c":{"a":0,"k":[0.616000007181,0.834999952129,0.929000016755,1],"ix":4},"o":{"a":0,"k":100,"ix":5},"r":1,"bm":0,"nm":"Relleno 1","mn":"ADBE Vector Graphic - Fill","hd":false},{"ty":"tr","p":{"a":0,"k":[220.718,84.215],"ix":2},"a":{"a":0,"k":[0,0],"ix":1},"s":{"a":0,"k":[100,100],"ix":3},"r":{"a":0,"k":0,"ix":6},"o":{"a":0,"k":100,"ix":7},"sk":{"a":0,"k":0,"ix":4},"sa":{"a":0,"k":0,"ix":5},"nm":"Transformar"}],"nm":"Grupo 1","np":2,"cix":2,"bm":0,"ix":1,"mn":"ADBE Vector Group","hd":false}],"ip":0,"op":1500,"st":0,"bm":0},{"ddd":0,"ind":7,"ty":4,"nm":"adn6/doctora_anglo contornos","sr":1,"ks":{"o":{"a":0,"k":100,"ix":11},"r":{"a":0,"k":0,"ix":10},"p":{"a":0,"k":[135,125,0],"ix":2},"a":{"a":0,"k":[124,104,0],"ix":1},"s":{"a":0,"k":[100,100,100],"ix":6}},"ao":0,"shapes":[{"ty":"gr","it":[{"ind":0,"ty":"sh","ix":1,"ks":{"a":0,"k":{"i":[[0,0],[0,0],[0,0],[0,0],[0,0],[0,0],[0,0],[0,0]],"o":[[0,0],[0,0],[0,0],[0,0],[0,0],[0,0],[0,0],[0,0]],"v":[[-1.291,-2.198],[-4.481,-4.602],[-5.659,-3.04],[-2.469,-0.636],[1.291,2.198],[4.481,4.602],[5.659,3.039],[2.469,0.635]],"c":true},"ix":2},"nm":"Trazado 1","mn":"ADBE Vector Shape - Group","hd":false},{"ty":"fl","c":{"a":0,"k":[0.616000007181,0.834999952129,0.929000016755,1],"ix":4},"o":{"a":0,"k":100,"ix":5},"r":1,"bm":0,"nm":"Relleno 1","mn":"ADBE Vector Graphic - Fill","hd":false},{"ty":"tr","p":{"a":0,"k":[231.629,68.332],"ix":2},"a":{"a":0,"k":[0,0],"ix":1},"s":{"a":0,"k":[100,100],"ix":3},"r":{"a":0,"k":0,"ix":6},"o":{"a":0,"k":100,"ix":7},"sk":{"a":0,"k":0,"ix":4},"sa":{"a":0,"k":0,"ix":5},"nm":"Transformar"}],"nm":"Grupo 1","np":2,"cix":2,"bm":0,"ix":1,"mn":"ADBE Vector Group","hd":false}],"ip":0,"op":1500,"st":0,"bm":0},{"ddd":0,"ind":8,"ty":4,"nm":"adn7/doctora_anglo contornos","sr":1,"ks":{"o":{"a":0,"k":100,"ix":11},"r":{"a":0,"k":0,"ix":10},"p":{"a":0,"k":[135,125,0],"ix":2},"a":{"a":0,"k":[124,104,0],"ix":1},"s":{"a":0,"k":[100,100,100],"ix":6}},"ao":0,"shapes":[{"ty":"gr","it":[{"ind":0,"ty":"sh","ix":1,"ks":{"a":0,"k":{"i":[[0,0],[0,0],[0,0],[0,0],[0,0],[0,0],[0,0],[0,0]],"o":[[0,0],[0,0],[0,0],[0,0],[0,0],[0,0],[0,0],[0,0]],"v":[[-2.039,-2.763],[-6.501,-6.124],[-7.678,-4.562],[-3.217,-1.201],[2.04,2.762],[6.502,6.124],[7.678,4.561],[3.217,1.2]],"c":true},"ix":2},"nm":"Trazado 1","mn":"ADBE Vector Shape - Group","hd":false},{"ty":"fl","c":{"a":0,"k":[0.616000007181,0.834999952129,0.929000016755,1],"ix":4},"o":{"a":0,"k":100,"ix":5},"r":1,"bm":0,"nm":"Relleno 1","mn":"ADBE Vector Graphic - Fill","hd":false},{"ty":"tr","p":{"a":0,"k":[235.262,64.915],"ix":2},"a":{"a":0,"k":[0,0],"ix":1},"s":{"a":0,"k":[100,100],"ix":3},"r":{"a":0,"k":0,"ix":6},"o":{"a":0,"k":100,"ix":7},"sk":{"a":0,"k":0,"ix":4},"sa":{"a":0,"k":0,"ix":5},"nm":"Transformar"}],"nm":"Grupo 1","np":2,"cix":2,"bm":0,"ix":1,"mn":"ADBE Vector Group","hd":false}],"ip":0,"op":1500,"st":0,"bm":0}]}],"layers":[{"ddd":0,"ind":1,"ty":4,"nm":"etestoscopio 1/doctora_anglo contornos","sr":1,"ks":{"o":{"a":0,"k":100,"ix":11},"r":{"a":0,"k":0,"ix":10},"p":{"a":0,"k":[142,143,0],"ix":2},"a":{"a":0,"k":[124,104,0],"ix":1},"s":{"a":0,"k":[100,100,100],"ix":6}},"ao":0,"shapes":[{"ty":"gr","it":[{"ind":0,"ty":"sh","ix":1,"ks":{"a":0,"k":{"i":[[2.282,0.264],[-0.264,2.282],[-2.282,-0.264],[0.264,-2.283]],"o":[[-2.282,-0.265],[0.265,-2.283],[2.283,0.265],[-0.265,2.282]],"v":[[-0.479,4.133],[-4.133,-0.479],[0.479,-4.133],[4.133,0.479]],"c":true},"ix":2},"nm":"Trazado 1","mn":"ADBE Vector Shape - Group","hd":false},{"ty":"st","c":{"a":0,"k":[0.545000023935,0.626999978458,0.779999976065,1],"ix":3},"o":{"a":0,"k":100,"ix":4},"w":{"a":0,"k":0.832,"ix":5},"lc":1,"lj":1,"ml":4,"bm":0,"nm":"Trazo 1","mn":"ADBE Vector Graphic - Stroke","hd":false},{"ty":"tr","p":{"a":0,"k":[98.964,123.849],"ix":2},"a":{"a":0,"k":[0,0],"ix":1},"s":{"a":0,"k":[100,100],"ix":3},"r":{"a":0,"k":0,"ix":6},"o":{"a":0,"k":100,"ix":7},"sk":{"a":0,"k":0,"ix":4},"sa":{"a":0,"k":0,"ix":5},"nm":"Transformar"}],"nm":"Grupo 1","np":2,"cix":2,"bm":0,"ix":1,"mn":"ADBE Vector Group","hd":false},{"ty":"gr","it":[{"ind":0,"ty":"sh","ix":1,"ks":{"a":0,"k":{"i":[[4.032,0.467],[-0.467,4.032],[-4.032,-0.466],[0.468,-4.032]],"o":[[-4.032,-0.467],[0.467,-4.033],[4.033,0.468],[-0.467,4.033]],"v":[[-0.846,7.301],[-7.301,-0.846],[0.846,-7.302],[7.301,0.846]],"c":true},"ix":2},"nm":"Trazado 1","mn":"ADBE Vector Shape - Group","hd":false},{"ty":"fl","c":{"a":0,"k":[0.898000021542,0.913999968884,0.941000007181,1],"ix":4},"o":{"a":0,"k":100,"ix":5},"r":1,"bm":0,"nm":"Relleno 1","mn":"ADBE Vector Graphic - Fill","hd":false},{"ty":"tr","p":{"a":0,"k":[98.964,123.849],"ix":2},"a":{"a":0,"k":[0,0],"ix":1},"s":{"a":0,"k":[100,100],"ix":3},"r":{"a":0,"k":0,"ix":6},"o":{"a":0,"k":100,"ix":7},"sk":{"a":0,"k":0,"ix":4},"sa":{"a":0,"k":0,"ix":5},"nm":"Transformar"}],"nm":"Grupo 2","np":4,"cix":2,"bm":0,"ix":2,"mn":"ADBE Vector Group","hd":false},{"ty":"gr","it":[{"ind":0,"ty":"sh","ix":1,"ks":{"a":0,"k":{"i":[[1.681,14.613],[3.497,3.045],[0.042,-0.037],[1.071,-1.107],[0.195,0.02],[-0.467,-4.061],[0.259,-0.109],[-0.393,-0.997],[-0.997,0.395]],"o":[[-0.536,-4.657],[-0.04,0.038],[-0.804,0.872],[-0.266,0.274],[3.747,2.949],[1.326,11.525],[-0.997,0.394],[0.394,0.998],[0.391,-0.154]],"v":[[5.164,-3.758],[-1.65,-14.946],[-1.782,-14.842],[-4.171,-12.591],[-4.53,-12.326],[1.306,-3.315],[-4.142,11.198],[-5.234,13.717],[-2.714,14.808]],"c":true},"ix":2},"nm":"Trazado 1","mn":"ADBE Vector Shape - Group","hd":false},{"ty":"fl","c":{"a":0,"k":[0.2549019607843137,0.4588235294117647,0.0196078431372549,1],"ix":4},"o":{"a":0,"k":100,"ix":5},"r":1,"bm":0,"nm":"Relleno 1","mn":"ADBE Vector Graphic - Fill","hd":false},{"ty":"tr","p":{"a":0,"k":[105.428,109.94],"ix":2},"a":{"a":0,"k":[0,0],"ix":1},"s":{"a":0,"k":[100,100],"ix":3},"r":{"a":0,"k":0,"ix":6},"o":{"a":0,"k":100,"ix":7},"sk":{"a":0,"k":0,"ix":4},"sa":{"a":0,"k":0,"ix":5},"nm":"Transformar"}],"nm":"Grupo 3","np":4,"cix":2,"bm":0,"ix":3,"mn":"ADBE Vector Group","hd":false}],"ip":0,"op":1500,"st":0,"bm":0},{"ddd":0,"ind":2,"ty":4,"nm":"brazo_mueve/doctora_anglo contornos","sr":1,"ks":{"o":{"a":0,"k":100,"ix":11},"r":{"a":1,"k":[{"i":{"x":[0.833],"y":[0.833]},"o":{"x":[0.167],"y":[0.167]},"t":0,"s":[0]},{"i":{"x":[0.833],"y":[0.833]},"o":{"x":[0.167],"y":[0.167]},"t":15,"s":[3]},{"i":{"x":[0.833],"y":[0.833]},"o":{"x":[0.167],"y":[0.167]},"t":24,"s":[1]},{"i":{"x":[0.833],"y":[0.833]},"o":{"x":[0.167],"y":[0.167]},"t":35,"s":[3]},{"t":58,"s":[1]}],"ix":10},"p":{"a":0,"k":[142,143,0],"ix":2},"a":{"a":0,"k":[124,104,0],"ix":1},"s":{"a":0,"k":[100,100,100],"ix":6}},"ao":0,"shapes":[{"ty":"gr","it":[{"ind":0,"ty":"sh","ix":1,"ks":{"a":0,"k":{"i":[[-1.858,-0.473],[-2.834,-0.105],[-2.917,0.243],[-6.9,3.331],[1.719,-0.83],[3.555,-1.125],[3.723,-0.247],[1.505,-0.403],[3.276,0.832]],"o":[[2.745,0.697],[2.954,0.111],[7.63,-0.632],[1.724,-0.833],[-3.351,1.618],[-3.65,1.155],[-1.616,0.107],[-3.353,0.9],[-1.858,-0.472]],"v":[[-19.057,3.678],[-10.221,5.581],[-1.585,3.911],[19.191,-2.292],[17.688,-4.861],[7.413,-0.495],[-3.327,0.801],[-7.545,2.035],[-18.264,0.809]],"c":true},"ix":2},"nm":"Trazado 1","mn":"ADBE Vector Shape - Group","hd":false},{"ty":"fl","c":{"a":0,"k":[0.49411764705882355,0.8274509803921568,0.12941176470588237,1],"ix":4},"o":{"a":0,"k":100,"ix":5},"r":1,"bm":0,"nm":"Relleno 1","mn":"ADBE Vector Graphic - Fill","hd":false},{"ty":"tr","p":{"a":0,"k":[82.168,151.906],"ix":2},"a":{"a":0,"k":[0,0],"ix":1},"s":{"a":0,"k":[100,100],"ix":3},"r":{"a":0,"k":0,"ix":6},"o":{"a":0,"k":100,"ix":7},"sk":{"a":0,"k":0,"ix":4},"sa":{"a":0,"k":0,"ix":5},"nm":"Transformar"}],"nm":"Grupo 1","np":4,"cix":2,"bm":0,"ix":1,"mn":"ADBE Vector Group","hd":false},{"ty":"gr","it":[{"ind":0,"ty":"sh","ix":1,"ks":{"a":0,"k":{"i":[[10.111,8.819],[0,0],[0,0],[-17.273,-4.806],[-2.088,0.472],[-0.54,0.952],[0,0]],"o":[[-7.226,-4.497],[0,0],[0.304,0.528],[2.016,0.561],[15.644,-3.535],[0,0],[-12.187,5.74]],"v":[[2.022,1.142],[-22.968,-31.297],[-41.335,-19.963],[2.421,30.735],[8.597,30.799],[41.307,-2.623],[41.335,-3.046]],"c":true},"ix":2},"nm":"Trazado 1","mn":"ADBE Vector Shape - Group","hd":false},{"ty":"fl","c":{"a":0,"k":[0.49411764705882355,0.8274509803921568,0.12941176470588237,1],"ix":4},"o":{"a":0,"k":100,"ix":5},"r":1,"bm":0,"nm":"Relleno 1","mn":"ADBE Vector Graphic - Fill","hd":false},{"ty":"tr","p":{"a":0,"k":[60.77,150.985],"ix":2},"a":{"a":0,"k":[0,0],"ix":1},"s":{"a":0,"k":[100,100],"ix":3},"r":{"a":0,"k":0,"ix":6},"o":{"a":0,"k":100,"ix":7},"sk":{"a":0,"k":0,"ix":4},"sa":{"a":0,"k":0,"ix":5},"nm":"Transformar"}],"nm":"Grupo 2","np":4,"cix":2,"bm":0,"ix":2,"mn":"ADBE Vector Group","hd":false}],"ip":0,"op":1500,"st":0,"bm":0},{"ddd":0,"ind":3,"ty":4,"nm":"manga/doctora_anglo contornos","sr":1,"ks":{"o":{"a":0,"k":100,"ix":11},"r":{"a":0,"k":0,"ix":10},"p":{"a":0,"k":[142,143,0],"ix":2},"a":{"a":0,"k":[124,104,0],"ix":1},"s":{"a":0,"k":[100,100,100],"ix":6}},"ao":0,"shapes":[{"ty":"gr","it":[{"ind":0,"ty":"sh","ix":1,"ks":{"a":0,"k":{"i":[[24.21,-54.91],[0.002,-0.005],[0.784,0.253],[0.094,-0.072],[-11.878,5.595],[0,0],[0,0],[0,0],[0,0]],"o":[[-0.002,0.005],[-0.324,0.718],[-0.086,0.079],[10.188,7.813],[0,0],[0.009,-0.016],[0,0],[0,0],[0,0]],"v":[[-24.627,28.086],[-24.634,28.099],[-26.273,28.868],[-26.583,29.012],[11.926,24.159],[11.898,24.583],[11.924,24.538],[13.86,-5.32],[26.583,-36.825]],"c":true},"ix":2},"nm":"Trazado 1","mn":"ADBE Vector Shape - Group","hd":false},{"ty":"fl","c":{"a":0,"k":[0.49411764705882355,0.8274509803921568,0.12941176470588237,1],"ix":4},"o":{"a":0,"k":100,"ix":5},"r":1,"bm":0,"nm":"Relleno 1","mn":"ADBE Vector Graphic - Fill","hd":false},{"ty":"tr","p":{"a":0,"k":[89.417,123.825],"ix":2},"a":{"a":0,"k":[0,0],"ix":1},"s":{"a":0,"k":[100,100],"ix":3},"r":{"a":0,"k":0,"ix":6},"o":{"a":0,"k":100,"ix":7},"sk":{"a":0,"k":0,"ix":4},"sa":{"a":0,"k":0,"ix":5},"nm":"Transformar"}],"nm":"Grupo 1","np":4,"cix":2,"bm":0,"ix":1,"mn":"ADBE Vector Group","hd":false}],"ip":0,"op":1500,"st":0,"bm":0},{"ddd":0,"ind":4,"ty":4,"nm":"mano/doctora_anglo contornos","sr":1,"ks":{"o":{"a":0,"k":100,"ix":11},"r":{"a":1,"k":[{"i":{"x":[0.833],"y":[0.833]},"o":{"x":[0.167],"y":[0.167]},"t":0,"s":[0]},{"i":{"x":[0.833],"y":[0.833]},"o":{"x":[0.167],"y":[0.167]},"t":15,"s":[3]},{"i":{"x":[0.833],"y":[0.833]},"o":{"x":[0.167],"y":[0.167]},"t":24,"s":[1]},{"i":{"x":[0.833],"y":[0.833]},"o":{"x":[0.167],"y":[0.167]},"t":35,"s":[3]},{"t":58,"s":[1]}],"ix":10},"p":{"a":0,"k":[142,143,0],"ix":2},"a":{"a":0,"k":[124,104,0],"ix":1},"s":{"a":0,"k":[100,100,100],"ix":6}},"ao":0,"shapes":[{"ty":"gr","it":[{"ind":0,"ty":"sh","ix":1,"ks":{"a":0,"k":{"i":[[0,0],[0,0],[5.845,7.471],[0.235,0.964],[0.529,-0.468],[-4.219,-6.51],[5.624,4.578],[0.211,-1.488],[-5.988,-3.911],[-3.358,-2.997],[-1.174,-3.476],[0,0]],"o":[[0,0],[0,0],[-2.1,-2.684],[-0.168,-0.688],[-1.177,1.041],[5.332,8.226],[-1.162,-0.946],[-0.525,3.722],[5.109,3.337],[2.731,2.436],[0,0],[0,0]],"v":[[21.405,23.503],[7.526,-5.799],[-1.936,-21.432],[-5.012,-26.743],[-6.543,-27.204],[-4.319,-17.04],[-17.983,-23.885],[-21.08,-22.637],[-15.374,-8.862],[-1.944,1.633],[4.723,11.543],[17.572,27.672]],"c":true},"ix":2},"nm":"Trazado 1","mn":"ADBE Vector Shape - Group","hd":false},{"ty":"fl","c":{"a":0,"k":[0.929000016755,0.651000019148,0.522000002394,1],"ix":4},"o":{"a":0,"k":100,"ix":5},"r":1,"bm":0,"nm":"Relleno 1","mn":"ADBE Vector Graphic - Fill","hd":false},{"ty":"tr","p":{"a":0,"k":[21.405,122.148],"ix":2},"a":{"a":0,"k":[0,0],"ix":1},"s":{"a":0,"k":[100,100],"ix":3},"r":{"a":0,"k":0,"ix":6},"o":{"a":0,"k":100,"ix":7},"sk":{"a":0,"k":0,"ix":4},"sa":{"a":0,"k":0,"ix":5},"nm":"Transformar"}],"nm":"Grupo 1","np":4,"cix":2,"bm":0,"ix":1,"mn":"ADBE Vector Group","hd":false}],"ip":0,"op":1500,"st":0,"bm":0},{"ddd":0,"ind":5,"ty":4,"nm":"stetoscopio 2/doctora_anglo contornos","sr":1,"ks":{"o":{"a":0,"k":100,"ix":11},"r":{"a":0,"k":0,"ix":10},"p":{"a":0,"k":[142,143,0],"ix":2},"a":{"a":0,"k":[124,104,0],"ix":1},"s":{"a":0,"k":[100,100,100],"ix":6}},"ao":0,"shapes":[{"ty":"gr","it":[{"ind":0,"ty":"sh","ix":1,"ks":{"a":0,"k":{"i":[[0,0],[0.498,-0.833],[0,0],[0.909,0.012],[-0.671,1.124]],"o":[[0.439,0.797],[0,0],[-0.497,0.831],[0,0],[0.671,-1.121]],"v":[[1.098,-2.225],[1.057,0.41],[0.743,0.934],[-1.556,2.212],[-0.378,-0.285]],"c":true},"ix":2},"nm":"Trazado 1","mn":"ADBE Vector Shape - Group","hd":false},{"ty":"fl","c":{"a":0,"k":[0.430999995213,0.513999968884,0.596000043084,1],"ix":4},"o":{"a":0,"k":100,"ix":5},"r":1,"bm":0,"nm":"Relleno 1","mn":"ADBE Vector Graphic - Fill","hd":false},{"ty":"tr","p":{"a":0,"k":[145.808,167.182],"ix":2},"a":{"a":0,"k":[0,0],"ix":1},"s":{"a":0,"k":[100,100],"ix":3},"r":{"a":0,"k":0,"ix":6},"o":{"a":0,"k":100,"ix":7},"sk":{"a":0,"k":0,"ix":4},"sa":{"a":0,"k":0,"ix":5},"nm":"Transformar"}],"nm":"Grupo 1","np":4,"cix":2,"bm":0,"ix":1,"mn":"ADBE Vector Group","hd":false},{"ty":"gr","it":[{"ind":0,"ty":"sh","ix":1,"ks":{"a":0,"k":{"i":[[1.244,0.744],[0,0],[0.744,-1.244],[0,0],[-1.245,-0.745],[0,0],[-0.744,1.245],[0,0]],"o":[[0,0],[-1.244,-0.745],[0,0],[-0.744,1.244],[0,0],[1.245,0.743],[0,0],[0.744,-1.245]],"v":[[2.854,-1.721],[0.166,-3.328],[-3.45,-2.419],[-3.763,-1.896],[-2.853,1.721],[-0.166,3.329],[3.45,2.419],[3.763,1.895]],"c":true},"ix":2},"nm":"Trazado 1","mn":"ADBE Vector Shape - Group","hd":false},{"ty":"fl","c":{"a":0,"k":[0.517999985639,0.579999976065,0.654999976065,1],"ix":4},"o":{"a":0,"k":100,"ix":5},"r":1,"bm":0,"nm":"Relleno 1","mn":"ADBE Vector Graphic - Fill","hd":false},{"ty":"tr","p":{"a":0,"k":[143.102,165.695],"ix":2},"a":{"a":0,"k":[0,0],"ix":1},"s":{"a":0,"k":[100,100],"ix":3},"r":{"a":0,"k":0,"ix":6},"o":{"a":0,"k":100,"ix":7},"sk":{"a":0,"k":0,"ix":4},"sa":{"a":0,"k":0,"ix":5},"nm":"Transformar"}],"nm":"Grupo 2","np":4,"cix":2,"bm":0,"ix":2,"mn":"ADBE Vector Group","hd":false},{"ty":"gr","it":[{"ind":0,"ty":"sh","ix":1,"ks":{"a":0,"k":{"i":[[0,0],[0.028,-0.97],[0,0],[-0.772,-0.481],[-0.037,1.306]],"o":[[-0.799,0.435],[0,0],[-0.029,0.97],[0,0],[0.038,-1.307]],"v":[[0.597,-2.585],[-0.786,-0.344],[-0.805,0.266],[0.446,2.585],[0.796,-0.156]],"c":true},"ix":2},"nm":"Trazado 1","mn":"ADBE Vector Shape - Group","hd":false},{"ty":"fl","c":{"a":0,"k":[0.430999995213,0.513999968884,0.596000043084,1],"ix":4},"o":{"a":0,"k":100,"ix":5},"r":1,"bm":0,"nm":"Relleno 1","mn":"ADBE Vector Graphic - Fill","hd":false},{"ty":"tr","p":{"a":0,"k":[104.932,156.055],"ix":2},"a":{"a":0,"k":[0,0],"ix":1},"s":{"a":0,"k":[100,100],"ix":3},"r":{"a":0,"k":0,"ix":6},"o":{"a":0,"k":100,"ix":7},"sk":{"a":0,"k":0,"ix":4},"sa":{"a":0,"k":0,"ix":5},"nm":"Transformar"}],"nm":"Grupo 3","np":4,"cix":2,"bm":0,"ix":3,"mn":"ADBE Vector Group","hd":false},{"ty":"gr","it":[{"ind":0,"ty":"sh","ix":1,"ks":{"a":0,"k":{"i":[[-1.45,-0.042],[0,0],[0.043,-1.45],[0,0],[1.45,0.042],[0,0],[-0.043,1.45],[0,0]],"o":[[0,0],[1.45,0.042],[0,0],[-0.041,1.449],[0,0],[-1.45,-0.043],[0,0],[0.042,-1.45]],"v":[[-1.48,-2.986],[1.65,-2.895],[4.208,-0.182],[4.191,0.427],[1.48,2.986],[-1.651,2.895],[-4.209,0.182],[-4.192,-0.427]],"c":true},"ix":2},"nm":"Trazado 1","mn":"ADBE Vector Shape - Group","hd":false},{"ty":"fl","c":{"a":0,"k":[0.517999985639,0.579999976065,0.654999976065,1],"ix":4},"o":{"a":0,"k":100,"ix":5},"r":1,"bm":0,"nm":"Relleno 1","mn":"ADBE Vector Graphic - Fill","hd":false},{"ty":"tr","p":{"a":0,"k":[108.337,156.139],"ix":2},"a":{"a":0,"k":[0,0],"ix":1},"s":{"a":0,"k":[100,100],"ix":3},"r":{"a":0,"k":0,"ix":6},"o":{"a":0,"k":100,"ix":7},"sk":{"a":0,"k":0,"ix":4},"sa":{"a":0,"k":0,"ix":5},"nm":"Transformar"}],"nm":"Grupo 4","np":4,"cix":2,"bm":0,"ix":4,"mn":"ADBE Vector Group","hd":false},{"ty":"gr","it":[{"ind":0,"ty":"sh","ix":1,"ks":{"a":0,"k":{"i":[[0,0],[0.117,-0.278],[7.313,-1.875],[0.092,-0.024],[0.572,-0.128],[0.93,-0.169],[0.01,-0.002],[0.075,0],[0.386,-0.738],[0.005,-0.372],[0,-0.002],[-1.264,-0.01],[-8.884,1.816],[-0.183,0.039],[-1.684,0.495],[-0.192,0.057],[-1.767,0.772],[-3.261,5.165],[-0.165,0.486]],"o":[[-0.099,0.288],[-2.855,6.759],[-0.093,0.024],[-0.59,0.148],[-0.952,0.211],[-0.009,0.001],[-7.947,1.437],[-0.89,-0.009],[-0.161,0.308],[0,0.001],[-0.013,1.265],[0.688,0.007],[0.182,-0.038],[1.661,-0.352],[0.191,-0.057],[1.939,-0.728],[5.879,-2.572],[0.269,-0.426],[0,0]],"v":[[18.283,-10.063],[17.956,-9.215],[-0.549,3],[-0.829,3.071],[-2.575,3.486],[-5.401,4.053],[-5.43,4.058],[-20.291,5.45],[-22.34,6.68],[-22.601,7.708],[-22.601,7.713],[-20.337,10.025],[-2.908,8.247],[-2.359,8.132],[2.676,6.867],[3.249,6.695],[8.792,4.577],[22.055,-7.17],[22.613,-8.587]],"c":true},"ix":2},"nm":"Trazado 1","mn":"ADBE Vector Shape - Group","hd":false},{"ty":"fl","c":{"a":0,"k":[0.834999952129,0.855000035903,0.885999971278,1],"ix":4},"o":{"a":0,"k":100,"ix":5},"r":1,"bm":0,"nm":"Relleno 1","mn":"ADBE Vector Graphic - Fill","hd":false},{"ty":"tr","p":{"a":0,"k":[130.598,148.625],"ix":2},"a":{"a":0,"k":[0,0],"ix":1},"s":{"a":0,"k":[100,100],"ix":3},"r":{"a":0,"k":0,"ix":6},"o":{"a":0,"k":100,"ix":7},"sk":{"a":0,"k":0,"ix":4},"sa":{"a":0,"k":0,"ix":5},"nm":"Transformar"}],"nm":"Grupo 5","np":4,"cix":2,"bm":0,"ix":5,"mn":"ADBE Vector Group","hd":false},{"ty":"gr","it":[{"ind":0,"ty":"sh","ix":1,"ks":{"a":0,"k":{"i":[[0,0],[5.879,-2.571],[1.94,-0.727]],"o":[[-2.605,5.6],[-1.766,0.773],[0,0]],"v":[[9.404,-6.933],[-3.861,4.814],[-9.404,6.932]],"c":false},"ix":2},"nm":"Trazado 1","mn":"ADBE Vector Shape - Group","hd":false},{"ty":"fl","c":{"a":0,"k":[0.834999952129,0.855000035903,0.885999971278,1],"ix":4},"o":{"a":0,"k":100,"ix":5},"r":1,"bm":0,"nm":"Relleno 1","mn":"ADBE Vector Graphic - Fill","hd":false},{"ty":"tr","p":{"a":0,"k":[143.251,148.387],"ix":2},"a":{"a":0,"k":[0,0],"ix":1},"s":{"a":0,"k":[100,100],"ix":3},"r":{"a":0,"k":0,"ix":6},"o":{"a":0,"k":100,"ix":7},"sk":{"a":0,"k":0,"ix":4},"sa":{"a":0,"k":0,"ix":5},"nm":"Transformar"}],"nm":"Grupo 6","np":4,"cix":2,"bm":0,"ix":6,"mn":"ADBE Vector Group","hd":false},{"ty":"gr","it":[{"ind":0,"ty":"sh","ix":1,"ks":{"a":0,"k":{"i":[[0.999,4.005],[-0.087,2.643],[0.001,0.02],[-0.004,0.084],[-0.003,0.053],[-0.065,0.544],[-0.003,0.022],[0,0],[0.01,-0.093],[-4.256,-6.576],[-0.011,-0.017],[-0.951,0.211],[-0.59,0.149],[-0.093,0.023]],"o":[[-0.573,-2.301],[0,-0.021],[0.004,-0.087],[0.002,-0.054],[0.032,-0.635],[0.003,-0.022],[0,0],[-0.01,0.093],[-0.794,7.516],[0.01,0.015],[0.93,-0.169],[0.573,-0.128],[0.092,-0.023],[-2.128,-2.933]],"v":[[0.508,-0.622],[-0.271,-8.041],[-0.273,-8.104],[-0.261,-8.357],[-0.254,-8.518],[-0.113,-10.264],[-0.106,-10.33],[-4.653,-10.849],[-4.68,-10.571],[0.592,10.801],[0.623,10.849],[3.448,10.281],[5.195,9.866],[5.474,9.796]],"c":true},"ix":2},"nm":"Trazado 1","mn":"ADBE Vector Shape - Group","hd":false},{"ty":"fl","c":{"a":0,"k":[0.834999952129,0.855000035903,0.885999971278,1],"ix":4},"o":{"a":0,"k":100,"ix":5},"r":1,"bm":0,"nm":"Relleno 1","mn":"ADBE Vector Graphic - Fill","hd":false},{"ty":"tr","p":{"a":0,"k":[124.575,141.829],"ix":2},"a":{"a":0,"k":[0,0],"ix":1},"s":{"a":0,"k":[100,100],"ix":3},"r":{"a":0,"k":0,"ix":6},"o":{"a":0,"k":100,"ix":7},"sk":{"a":0,"k":0,"ix":4},"sa":{"a":0,"k":0,"ix":5},"nm":"Transformar"}],"nm":"Grupo 7","np":4,"cix":2,"bm":0,"ix":7,"mn":"ADBE Vector Group","hd":false},{"ty":"gr","it":[{"ind":0,"ty":"sh","ix":1,"ks":{"a":0,"k":{"i":[[0.969,0.515],[4.654,4.903],[1.66,-0.352],[-0.125,-0.144],[-0.239,-0.261],[-0.239,-0.127],[-0.592,1.115],[-0.043,0.155]],"o":[[-0.099,-0.052],[-1.684,0.495],[0.123,0.145],[0.229,0.265],[5.394,5.911],[1.117,0.593],[0.078,-0.149],[0.285,-1.015]],"v":[[6.557,1.446],[-2.938,-6.083],[-7.971,-4.818],[-7.603,-4.385],[-6.9,-3.597],[4.412,5.49],[7.505,4.541],[7.686,4.085]],"c":true},"ix":2},"nm":"Trazado 1","mn":"ADBE Vector Shape - Group","hd":false},{"ty":"fl","c":{"a":0,"k":[0.834999952129,0.855000035903,0.885999971278,1],"ix":4},"o":{"a":0,"k":100,"ix":5},"r":1,"bm":0,"nm":"Relleno 1","mn":"ADBE Vector Graphic - Fill","hd":false},{"ty":"tr","p":{"a":0,"k":[136.212,161.574],"ix":2},"a":{"a":0,"k":[0,0],"ix":1},"s":{"a":0,"k":[100,100],"ix":3},"r":{"a":0,"k":0,"ix":6},"o":{"a":0,"k":100,"ix":7},"sk":{"a":0,"k":0,"ix":4},"sa":{"a":0,"k":0,"ix":5},"nm":"Transformar"}],"nm":"Grupo 8","np":4,"cix":2,"bm":0,"ix":8,"mn":"ADBE Vector Group","hd":false},{"ty":"gr","it":[{"ind":0,"ty":"sh","ix":1,"ks":{"a":0,"k":{"i":[[0.004,-0.087],[-0.001,-0.021],[-0.005,0.106]],"o":[[0,0.021],[0.003,-0.106],[-0.004,0.084]],"v":[[-0.006,0.095],[-0.004,0.158],[0.006,-0.158]],"c":true},"ix":2},"nm":"Trazado 1","mn":"ADBE Vector Shape - Group","hd":false},{"ty":"fl","c":{"a":0,"k":[0.898000021542,0.913999968884,0.941000007181,1],"ix":4},"o":{"a":0,"k":100,"ix":5},"r":1,"bm":0,"nm":"Relleno 1","mn":"ADBE Vector Graphic - Fill","hd":false},{"ty":"tr","p":{"a":0,"k":[124.308,133.63],"ix":2},"a":{"a":0,"k":[0,0],"ix":1},"s":{"a":0,"k":[100,100],"ix":3},"r":{"a":0,"k":0,"ix":6},"o":{"a":0,"k":100,"ix":7},"sk":{"a":0,"k":0,"ix":4},"sa":{"a":0,"k":0,"ix":5},"nm":"Transformar"}],"nm":"Grupo 9","np":4,"cix":2,"bm":0,"ix":9,"mn":"ADBE Vector Group","hd":false},{"ty":"gr","it":[{"ind":0,"ty":"sh","ix":1,"ks":{"a":0,"k":{"i":[[-0.066,0.59],[0.031,-0.635]],"o":[[-0.065,0.544],[0.028,-0.574]],"v":[[0.071,-0.873],[-0.071,0.872]],"c":true},"ix":2},"nm":"Trazado 1","mn":"ADBE Vector Shape - Group","hd":false},{"ty":"fl","c":{"a":0,"k":[0.898000021542,0.913999968884,0.941000007181,1],"ix":4},"o":{"a":0,"k":100,"ix":5},"r":1,"bm":0,"nm":"Relleno 1","mn":"ADBE Vector Graphic - Fill","hd":false},{"ty":"tr","p":{"a":0,"k":[124.392,132.438],"ix":2},"a":{"a":0,"k":[0,0],"ix":1},"s":{"a":0,"k":[100,100],"ix":3},"r":{"a":0,"k":0,"ix":6},"o":{"a":0,"k":100,"ix":7},"sk":{"a":0,"k":0,"ix":4},"sa":{"a":0,"k":0,"ix":5},"nm":"Transformar"}],"nm":"Grupo 10","np":4,"cix":2,"bm":0,"ix":10,"mn":"ADBE Vector Group","hd":false},{"ty":"gr","it":[{"ind":0,"ty":"sh","ix":1,"ks":{"a":0,"k":{"i":[[-4.17,5.59],[0,0],[0,0],[0,0],[0.701,-0.889],[3.609,-6.844],[0.978,0.101],[1.793,-0.32],[3.119,-4.955],[0.289,-3.276],[-0.01,0.093],[0,0],[0.003,-0.023],[-0.497,1.515],[-5.803,0.954],[-1.315,0.091],[-1.204,-1.057],[0.354,-4.794],[0.218,-1.206],[0.497,-1.284],[-0.099,0.288],[0,0],[0.203,-0.461],[-0.357,1.541],[7.023,5.886],[-0.242,0.462]],"o":[[0.594,-0.795],[0,0],[0,0],[0,0],[-4.8,6.088],[-0.439,0.833],[-1.821,-0.188],[-5.588,1.001],[-1.894,3.009],[0.01,-0.092],[0,0],[-0.003,0.022],[0.15,-1.243],[1.926,-5.869],[1.299,-0.214],[1.697,-0.118],[3.729,3.271],[-0.09,1.219],[-0.265,1.463],[0.117,-0.278],[0,0],[-0.165,0.486],[0.609,-1.308],[1.943,-8.373],[-0.559,-0.468],[3.237,-6.17]],"v":[[18.597,-19.987],[20.551,-22.786],[18.516,-24.006],[16.532,-25.032],[15.67,-23.982],[3.351,-4.378],[1.485,-3.262],[-3.953,-2.938],[-17.478,5.372],[-20.551,14.834],[-20.524,14.557],[-15.977,15.076],[-15.984,15.143],[-15.074,11.266],[-2.935,1.693],[1.004,1.365],[5.176,2.969],[9.821,15.232],[9.253,18.865],[8.109,22.986],[8.435,22.139],[12.766,23.615],[12.208,25.032],[13.664,20.764],[7.697,-1.049],[7.577,-2.292]],"c":true},"ix":2},"nm":"Trazado 1","mn":"ADBE Vector Shape - Group","hd":false},{"ty":"fl","c":{"a":0,"k":[0.2549019607843137,0.4588235294117647,0.0196078431372549,1],"ix":4},"o":{"a":0,"k":100,"ix":5},"r":1,"bm":0,"nm":"Relleno 1","mn":"ADBE Vector Graphic - Fill","hd":false},{"ty":"tr","p":{"a":0,"k":[140.446,116.423],"ix":2},"a":{"a":0,"k":[0,0],"ix":1},"s":{"a":0,"k":[100,100],"ix":3},"r":{"a":0,"k":0,"ix":6},"o":{"a":0,"k":100,"ix":7},"sk":{"a":0,"k":0,"ix":4},"sa":{"a":0,"k":0,"ix":5},"nm":"Transformar"}],"nm":"Grupo 11","np":4,"cix":2,"bm":0,"ix":11,"mn":"ADBE Vector Group","hd":false},{"ty":"gr","it":[{"ind":0,"ty":"sh","ix":1,"ks":{"a":0,"k":{"i":[[0.002,-0.054],[-0.003,0.053]],"o":[[0.002,-0.054],[-0.003,0.054]],"v":[[-0.004,0.08],[0.003,-0.08]],"c":true},"ix":2},"nm":"Trazado 1","mn":"ADBE Vector Shape - Group","hd":false},{"ty":"fl","c":{"a":0,"k":[0.7215686274509804,0.9137254901960784,0.5254901960784314,1],"ix":4},"o":{"a":0,"k":100,"ix":5},"r":1,"bm":0,"nm":"Relleno 1","mn":"ADBE Vector Graphic - Fill","hd":false},{"ty":"tr","p":{"a":0,"k":[124.318,133.391],"ix":2},"a":{"a":0,"k":[0,0],"ix":1},"s":{"a":0,"k":[100,100],"ix":3},"r":{"a":0,"k":0,"ix":6},"o":{"a":0,"k":100,"ix":7},"sk":{"a":0,"k":0,"ix":4},"sa":{"a":0,"k":0,"ix":5},"nm":"Transformar"}],"nm":"Grupo 12","np":4,"cix":2,"bm":0,"ix":12,"mn":"ADBE Vector Group","hd":false},{"ty":"gr","it":[{"ind":0,"ty":"sh","ix":1,"ks":{"a":0,"k":{"i":[[0.046,-0.169],[-0.003,-0.181],[-0.161,0.307]],"o":[[-0.056,0.203],[0.005,-0.371],[-0.074,0.133]],"v":[[-0.051,-0.064],[-0.129,0.514],[0.132,-0.514]],"c":true},"ix":2},"nm":"Trazado 1","mn":"ADBE Vector Shape - Group","hd":false},{"ty":"fl","c":{"a":0,"k":[0.277999997606,0.532999973671,0.929000016755,1],"ix":4},"o":{"a":0,"k":100,"ix":5},"r":1,"bm":0,"nm":"Relleno 1","mn":"ADBE Vector Graphic - Fill","hd":false},{"ty":"tr","p":{"a":0,"k":[108.126,155.819],"ix":2},"a":{"a":0,"k":[0,0],"ix":1},"s":{"a":0,"k":[100,100],"ix":3},"r":{"a":0,"k":0,"ix":6},"o":{"a":0,"k":100,"ix":7},"sk":{"a":0,"k":0,"ix":4},"sa":{"a":0,"k":0,"ix":5},"nm":"Transformar"}],"nm":"Grupo 13","np":4,"cix":2,"bm":0,"ix":13,"mn":"ADBE Vector Group","hd":false},{"ty":"gr","it":[{"ind":0,"ty":"sh","ix":1,"ks":{"a":0,"k":{"i":[[0.01,0.016],[0.001,-0.017],[-0.01,0.001]],"o":[[0.001,0.018],[0.01,-0.002],[-0.01,-0.017]],"v":[[-0.016,-0.027],[-0.014,0.027],[0.016,0.021]],"c":true},"ix":2},"nm":"Trazado 1","mn":"ADBE Vector Shape - Group","hd":false},{"ty":"fl","c":{"a":0,"k":[0.277999997606,0.532999973671,0.929000016755,1],"ix":4},"o":{"a":0,"k":100,"ix":5},"r":1,"bm":0,"nm":"Relleno 1","mn":"ADBE Vector Graphic - Fill","hd":false},{"ty":"tr","p":{"a":0,"k":[125.182,152.657],"ix":2},"a":{"a":0,"k":[0,0],"ix":1},"s":{"a":0,"k":[100,100],"ix":3},"r":{"a":0,"k":0,"ix":6},"o":{"a":0,"k":100,"ix":7},"sk":{"a":0,"k":0,"ix":4},"sa":{"a":0,"k":0,"ix":5},"nm":"Transformar"}],"nm":"Grupo 14","np":4,"cix":2,"bm":0,"ix":14,"mn":"ADBE Vector Group","hd":false}],"ip":0,"op":1500,"st":0,"bm":0},{"ddd":0,"ind":6,"ty":4,"nm":"corazÃÂ³n/doctora_anglo contornos","sr":1,"ks":{"o":{"a":1,"k":[{"i":{"x":[0.833],"y":[0.833]},"o":{"x":[0.167],"y":[0.167]},"t":0,"s":[0]},{"t":5,"s":[100]}],"ix":11},"r":{"a":0,"k":0,"ix":10},"p":{"a":0,"k":[135,125,0],"ix":2},"a":{"a":0,"k":[124,104,0],"ix":1},"s":{"a":1,"k":[{"i":{"x":[0.833,0.833,0.833],"y":[0.833,0.833,0.833]},"o":{"x":[0.167,0.167,0.167],"y":[0.167,0.167,0.167]},"t":0,"s":[6,6,100]},{"t":19,"s":[89,89,100]}],"ix":6,"x":"var $bm_rt;\nvar maxDev, spd, decay, t, x, y;\nmaxDev = 5;\nspd = 7;\ndecay = 1;\nt = $bm_sub(time, inPoint);\nx = $bm_sum($bm_transform.scale[0], $bm_div($bm_mul(maxDev, Math.sin($bm_mul(spd, t))), Math.exp($bm_mul(decay, t))));\ny = $bm_div($bm_mul($bm_transform.scale[0], $bm_transform.scale[1]), x);\n$bm_rt = [\n    x,\n    y\n];"}},"ao":0,"shapes":[{"ty":"gr","it":[{"ind":0,"ty":"sh","ix":1,"ks":{"a":0,"k":{"i":[[-0.548,-0.805],[-0.222,-0.963],[0.167,-0.966],[0.122,-0.463],[0.212,-0.424],[-0.038,0.465],[0.023,0.458],[0.197,0.874],[0.406,0.817],[0.591,0.751]],"o":[[0.557,0.805],[0.204,0.962],[-0.036,0.489],[-0.154,0.458],[0.034,-0.485],[0.022,-0.468],[0.027,-0.914],[-0.186,-0.881],[-0.413,-0.815],[0.827,0.492]],"v":[[0.296,-3.171],[1.478,-0.486],[1.604,2.444],[1.281,3.862],[0.704,5.183],[0.877,3.777],[0.949,2.396],[0.659,-0.294],[-0.266,-2.837],[-1.771,-5.183]],"c":true},"ix":2},"nm":"Trazado 1","mn":"ADBE Vector Shape - Group","hd":false},{"ty":"fl","c":{"a":0,"k":[1,1,1,1],"ix":4},"o":{"a":0,"k":100,"ix":5},"r":1,"bm":0,"nm":"Relleno 1","mn":"ADBE Vector Graphic - Fill","hd":false},{"ty":"tr","p":{"a":0,"k":[65.771,28.682],"ix":2},"a":{"a":0,"k":[0,0],"ix":1},"s":{"a":0,"k":[100,100],"ix":3},"r":{"a":0,"k":0,"ix":6},"o":{"a":0,"k":100,"ix":7},"sk":{"a":0,"k":0,"ix":4},"sa":{"a":0,"k":0,"ix":5},"nm":"Transformar"}],"nm":"Grupo 1","np":4,"cix":2,"bm":0,"ix":1,"mn":"ADBE Vector Group","hd":false},{"ty":"gr","it":[{"ind":0,"ty":"sh","ix":1,"ks":{"a":0,"k":{"i":[[4.83,0.396],[0.696,-1.082],[8.116,-1.799],[1.001,-6.292],[-15.339,-8.952],[-0.681,0.397],[1.325,8.306]],"o":[[-7.993,-0.653],[-0.701,-1.082],[-4.002,0.888],[-1.323,8.306],[0.681,0.397],[15.341,-8.952],[-1.187,-7.446]],"v":[[11.463,-18.011],[-0.001,-12.041],[-13.697,-17.698],[-22.128,-6.788],[-1.104,19.1],[1.102,19.1],[22.126,-6.788]],"c":true},"ix":2},"nm":"Trazado 1","mn":"ADBE Vector Shape - Group","hd":false},{"ty":"fl","c":{"a":0,"k":[0.49411764705882355,0.8274509803921568,0.12941176470588237,1],"ix":4},"o":{"a":0,"k":100,"ix":5},"r":1,"bm":0,"nm":"Relleno 1","mn":"ADBE Vector Graphic - Fill","hd":false},{"ty":"tr","p":{"a":0,"k":[48.524,37.335],"ix":2},"a":{"a":0,"k":[0,0],"ix":1},"s":{"a":0,"k":[100,100],"ix":3},"r":{"a":0,"k":0,"ix":6},"o":{"a":0,"k":100,"ix":7},"sk":{"a":0,"k":0,"ix":4},"sa":{"a":0,"k":0,"ix":5},"nm":"Transformar"}],"nm":"Grupo 2","np":4,"cix":2,"bm":0,"ix":2,"mn":"ADBE Vector Group","hd":false}],"ip":0,"op":1500,"st":0,"bm":0},{"ddd":0,"ind":7,"ty":4,"nm":"chat/doctora_anglo contornos","sr":1,"ks":{"o":{"a":1,"k":[{"i":{"x":[0.833],"y":[0.833]},"o":{"x":[0.167],"y":[0.167]},"t":0,"s":[0]},{"t":5,"s":[100]}],"ix":11},"r":{"a":0,"k":0,"ix":10},"p":{"a":0,"k":[135,125,0],"ix":2},"a":{"a":0,"k":[124,104,0],"ix":1},"s":{"a":1,"k":[{"i":{"x":[0.833,0.833,0.833],"y":[0.833,0.833,0.833]},"o":{"x":[0.167,0.167,0.167],"y":[0.167,0.167,0.167]},"t":0,"s":[6,6,100]},{"t":19,"s":[89,89,100]}],"ix":6,"x":"var $bm_rt;\nvar maxDev, spd, decay, t, x, y;\nmaxDev = 5;\nspd = 7;\ndecay = 1;\nt = $bm_sub(time, inPoint);\nx = $bm_sum($bm_transform.scale[0], $bm_div($bm_mul(maxDev, Math.sin($bm_mul(spd, t))), Math.exp($bm_mul(decay, t))));\ny = $bm_div($bm_mul($bm_transform.scale[0], $bm_transform.scale[1]), x);\n$bm_rt = [\n    x,\n    y\n];"}},"ao":0,"shapes":[{"ty":"gr","it":[{"ind":0,"ty":"sh","ix":1,"ks":{"a":0,"k":{"i":[[0,0],[0,0],[18.001,22.232],[15.71,-16.173],[-58.052,3.947]],"o":[[0,0],[0,0],[-17.168,-21.203],[-15.709,16.175],[0,0]],"v":[[31.988,39.103],[29.405,24.916],[35.159,-21.655],[-42.698,-27.011],[3.138,30.826]],"c":true},"ix":2},"nm":"Trazado 1","mn":"ADBE Vector Shape - Group","hd":false},{"ty":"fl","c":{"a":0,"k":[0.834999952129,0.862999949736,0.910000011968,1],"ix":4},"o":{"a":0,"k":100,"ix":5},"r":1,"bm":0,"nm":"Relleno 1","mn":"ADBE Vector Graphic - Fill","hd":false},{"ty":"tr","p":{"a":0,"k":[53.16,39.103],"ix":2},"a":{"a":0,"k":[0,0],"ix":1},"s":{"a":0,"k":[100,100],"ix":3},"r":{"a":0,"k":0,"ix":6},"o":{"a":0,"k":100,"ix":7},"sk":{"a":0,"k":0,"ix":4},"sa":{"a":0,"k":0,"ix":5},"nm":"Transformar"}],"nm":"Grupo 1","np":4,"cix":2,"bm":0,"ix":1,"mn":"ADBE Vector Group","hd":false}],"ip":0,"op":1500,"st":0,"bm":0},{"ddd":0,"ind":8,"ty":0,"nm":"cruz","refId":"comp_0","sr":1,"ks":{"o":{"a":0,"k":100,"ix":11,"x":"var $bm_rt;\nvar transition, tSecs;\n$bm_rt = transition = 40;\nif (marker.numKeys < 2) {\n    tSecs = $bm_div(transition, $bm_div(1, thisComp.frameDuration));\n    $bm_rt = $bm_sub(linear(time, inPoint, $bm_sum(inPoint, tSecs), 0, 100), linear(time, $bm_sub(outPoint, tSecs), outPoint, 0, 100));\n} else {\n    $bm_rt = $bm_sub(linear(time, inPoint, marker.key(1).time, 0, 100), linear(time, marker.key(2).time, outPoint, 0, 100));\n}"},"r":{"a":0,"k":0,"ix":10},"p":{"a":1,"k":[{"i":{"x":0.833,"y":0.833},"o":{"x":0.167,"y":0.167},"t":3,"s":[145,92,0],"to":[0,5.5,0],"ti":[0,-5.5,0]},{"t":34,"s":[145,125,0]}],"ix":2},"a":{"a":0,"k":[135,125,0],"ix":1},"s":{"a":0,"k":[100,100,100],"ix":6}},"ao":0,"w":270,"h":250,"ip":0,"op":1500,"st":0,"bm":0},{"ddd":0,"ind":9,"ty":0,"nm":"ADN","refId":"comp_1","sr":1,"ks":{"o":{"a":0,"k":100,"ix":11},"r":{"a":1,"k":[{"i":{"x":[0.833],"y":[0.833]},"o":{"x":[0.167],"y":[0.167]},"t":0,"s":[0]},{"i":{"x":[0.833],"y":[0.833]},"o":{"x":[0.167],"y":[0.167]},"t":33,"s":[3]},{"t":57,"s":[1]}],"ix":10},"p":{"a":0,"k":[141,152,0],"ix":2},"a":{"a":0,"k":[135,125,0],"ix":1},"s":{"a":0,"k":[100,100,100],"ix":6}},"ao":0,"w":270,"h":250,"ip":0,"op":1500,"st":0,"bm":0},{"ddd":0,"ind":10,"ty":4,"nm":"cuerpo/doctora_anglo contornos","sr":1,"ks":{"o":{"a":0,"k":100,"ix":11},"r":{"a":0,"k":0,"ix":10},"p":{"a":0,"k":[142,143,0],"ix":2},"a":{"a":0,"k":[124,104,0],"ix":1},"s":{"a":0,"k":[100,100,100],"ix":6}},"ao":0,"shapes":[{"ty":"gr","it":[{"ind":0,"ty":"sh","ix":1,"ks":{"a":0,"k":{"i":[[0,0],[0,0],[0.008,-0.968],[0,0],[0,0],[-0.193,24.324],[0,0],[-13.436,-72.659],[3.193,-2.38],[0,0],[0,0],[0,0],[1.429,2.855]],"o":[[0,0],[0.354,0.899],[0,0],[0,0],[0,0],[0.193,-24.324],[0,0],[7.382,39.915],[-2.618,1.954],[0,0],[0,0],[0.026,-3.195],[0,0]],"v":[[-3.428,-1.385],[2.28,13.094],[2.804,15.921],[2.503,62.01],[-37.838,62.01],[-34.964,12.445],[-18.555,-56.632],[30.456,9.982],[34.519,60.723],[26.648,62.01],[4.425,62.01],[4.894,20.188],[2.759,10.982]],"c":true},"ix":2},"nm":"Trazado 1","mn":"ADBE Vector Shape - Group","hd":false},{"ty":"fl","c":{"a":0,"k":[0.49411764705882355,0.8274509803921568,0.12941176470588237,1],"ix":4},"o":{"a":0,"k":100,"ix":5},"r":1,"bm":0,"nm":"Relleno 1","mn":"ADBE Vector Graphic - Fill","hd":false},{"ty":"tr","p":{"a":0,"k":[161.712,145.085],"ix":2},"a":{"a":0,"k":[0,0],"ix":1},"s":{"a":0,"k":[100,100],"ix":3},"r":{"a":0,"k":0,"ix":6},"o":{"a":0,"k":100,"ix":7},"sk":{"a":0,"k":0,"ix":4},"sa":{"a":0,"k":0,"ix":5},"nm":"Transformar"}],"nm":"Grupo 1","np":4,"cix":2,"bm":0,"ix":1,"mn":"ADBE Vector Group","hd":false},{"ty":"gr","it":[{"ind":0,"ty":"sh","ix":1,"ks":{"a":0,"k":{"i":[[0,0],[0.113,-14.083],[0,0],[0,0],[0,0]],"o":[[0,0],[-0.111,14.083],[0,0],[0,0],[0,0]],"v":[[15.831,-58.766],[7.001,-16.585],[4.019,58.766],[-15.831,58.766],[-14.683,-13.346]],"c":false},"ix":2},"nm":"Trazado 1","mn":"ADBE Vector Shape - Group","hd":false},{"ty":"fl","c":{"a":0,"k":[0.49411764705882355,0.8274509803921568,0.12941176470588237,1],"ix":4},"o":{"a":0,"k":100,"ix":5},"r":1,"bm":0,"nm":"Relleno 1","mn":"ADBE Vector Graphic - Fill","hd":false},{"ty":"tr","p":{"a":0,"k":[96.806,148.33],"ix":2},"a":{"a":0,"k":[0,0],"ix":1},"s":{"a":0,"k":[100,100],"ix":3},"r":{"a":0,"k":0,"ix":6},"o":{"a":0,"k":100,"ix":7},"sk":{"a":0,"k":0,"ix":4},"sa":{"a":0,"k":0,"ix":5},"nm":"Transformar"}],"nm":"Grupo 2","np":4,"cix":2,"bm":0,"ix":2,"mn":"ADBE Vector Group","hd":false},{"ty":"gr","it":[{"ind":0,"ty":"sh","ix":1,"ks":{"a":0,"k":{"i":[[-22.53,6.647],[0,0],[0,0],[-19.65,14.451]],"o":[[22.531,-6.647],[0,0],[0,0],[0,0]],"v":[[11.708,-49.381],[1.366,57.275],[-25.528,57.275],[-14.589,-57.275]],"c":true},"ix":2},"nm":"Trazado 1","mn":"ADBE Vector Shape - Group","hd":false},{"ty":"fl","c":{"a":0,"k":[0.8941176470588236,0.9137254901960784,0.9372549019607843,1],"ix":4},"o":{"a":0,"k":100,"ix":5},"r":1,"bm":0,"nm":"Relleno 1","mn":"ADBE Vector Graphic - Fill","hd":false},{"ty":"tr","p":{"a":0,"k":[126.99,149.82],"ix":2},"a":{"a":0,"k":[0,0],"ix":1},"s":{"a":0,"k":[100,100],"ix":3},"r":{"a":0,"k":0,"ix":6},"o":{"a":0,"k":100,"ix":7},"sk":{"a":0,"k":0,"ix":4},"sa":{"a":0,"k":0,"ix":5},"nm":"Transformar"}],"nm":"Grupo 3","np":4,"cix":2,"bm":0,"ix":3,"mn":"ADBE Vector Group","hd":false},{"ty":"gr","it":[{"ind":0,"ty":"sh","ix":1,"ks":{"a":0,"k":{"i":[[0,0],[0,0],[0,0]],"o":[[0,0],[0,0],[0,0]],"v":[[-0.5,29.99],[0.5,30],[0.375,-30]],"c":true},"ix":2},"nm":"Trazado 1","mn":"ADBE Vector Shape - Group","hd":false},{"ty":"fl","c":{"a":0,"k":[0.791999966491,0.811999990426,0.842999985639,1],"ix":4},"o":{"a":0,"k":100,"ix":5},"r":1,"bm":0,"nm":"Relleno 1","mn":"ADBE Vector Graphic - Fill","hd":false},{"ty":"tr","p":{"a":0,"k":[81.476,176.862],"ix":2},"a":{"a":0,"k":[0,0],"ix":1},"s":{"a":0,"k":[100,100],"ix":3},"r":{"a":0,"k":0,"ix":6},"o":{"a":0,"k":100,"ix":7},"sk":{"a":0,"k":0,"ix":4},"sa":{"a":0,"k":0,"ix":5},"nm":"Transformar"}],"nm":"Grupo 4","np":2,"cix":2,"bm":0,"ix":4,"mn":"ADBE Vector Group","hd":false}],"ip":0,"op":1500,"st":0,"bm":0},{"ddd":0,"ind":11,"ty":4,"nm":"cabeza/doctora_anglo contornos","sr":1,"ks":{"o":{"a":0,"k":100,"ix":11},"r":{"a":0,"k":0,"ix":10},"p":{"a":0,"k":[142,143,0],"ix":2},"a":{"a":0,"k":[124,104,0],"ix":1},"s":{"a":0,"k":[100,100,100],"ix":6}},"ao":0,"shapes":[{"ty":"gr","it":[{"ind":0,"ty":"sh","ix":1,"ks":{"a":0,"k":{"i":[[2.463,0.003],[-0.004,2.462],[-2.462,-0.004],[0.004,-2.463]],"o":[[-2.463,-0.004],[0.004,-2.463],[2.463,0.004],[-0.004,2.463]],"v":[[-0.007,4.46],[-4.459,-0.007],[0.007,-4.459],[4.459,0.008]],"c":true},"ix":2},"nm":"Trazado 1","mn":"ADBE Vector Shape - Group","hd":false},{"ty":"fl","c":{"a":0,"k":[0.929000016755,0.651000019148,0.522000002394,1],"ix":4},"o":{"a":0,"k":100,"ix":5},"r":1,"bm":0,"nm":"Relleno 1","mn":"ADBE Vector Graphic - Fill","hd":false},{"ty":"tr","p":{"a":0,"k":[143.431,55.425],"ix":2},"a":{"a":0,"k":[0,0],"ix":1},"s":{"a":0,"k":[100,100],"ix":3},"r":{"a":0,"k":0,"ix":6},"o":{"a":0,"k":100,"ix":7},"sk":{"a":0,"k":0,"ix":4},"sa":{"a":0,"k":0,"ix":5},"nm":"Transformar"}],"nm":"Grupo 1","np":4,"cix":2,"bm":0,"ix":1,"mn":"ADBE Vector Group","hd":false},{"ty":"gr","it":[{"ind":0,"ty":"sh","ix":1,"ks":{"a":0,"k":{"i":[[0,0],[0,0],[0,0],[0.18,1.208]],"o":[[-4.269,6.749],[0,0],[-0.048,-2.501],[7.62,1.243]],"v":[[8.254,-4.439],[-7.757,4.439],[-7.758,4.439],[-8.254,-1.449]],"c":true},"ix":2},"nm":"Trazado 1","mn":"ADBE Vector Shape - Group","hd":false},{"ty":"fl","c":{"a":0,"k":[0.651000019148,0.470999983245,0.375999989229,1],"ix":4},"o":{"a":0,"k":100,"ix":5},"r":1,"bm":0,"nm":"Relleno 1","mn":"ADBE Vector Graphic - Fill","hd":false},{"ty":"tr","p":{"a":0,"k":[124.363,76.049],"ix":2},"a":{"a":0,"k":[0,0],"ix":1},"s":{"a":0,"k":[100,100],"ix":3},"r":{"a":0,"k":0,"ix":6},"o":{"a":0,"k":100,"ix":7},"sk":{"a":0,"k":0,"ix":4},"sa":{"a":0,"k":0,"ix":5},"nm":"Transformar"}],"nm":"Grupo 2","np":4,"cix":2,"bm":0,"ix":2,"mn":"ADBE Vector Group","hd":false},{"ty":"gr","it":[{"ind":0,"ty":"sh","ix":1,"ks":{"a":0,"k":{"i":[[-2.513,-0.241],[-11.336,-7.532],[0,0],[14.538,5.631],[-0.434,-41.523]],"o":[[0,0],[11.337,7.532],[0,0],[-17.974,-6.963],[0,0]],"v":[[-17.918,-8.099],[6.204,19.036],[12.094,33.021],[18.439,-17.145],[-32.543,5.706]],"c":true},"ix":2},"nm":"Trazado 1","mn":"ADBE Vector Shape - Group","hd":false},{"ty":"fl","c":{"a":0,"k":[0,0,0,1],"ix":4},"o":{"a":0,"k":100,"ix":5},"r":1,"bm":0,"nm":"Relleno 1","mn":"ADBE Vector Graphic - Fill","hd":false},{"ty":"tr","p":{"a":0,"k":[135.889,33.021],"ix":2},"a":{"a":0,"k":[0,0],"ix":1},"s":{"a":0,"k":[100,100],"ix":3},"r":{"a":0,"k":0,"ix":6},"o":{"a":0,"k":100,"ix":7},"sk":{"a":0,"k":0,"ix":4},"sa":{"a":0,"k":0,"ix":5},"nm":"Transformar"}],"nm":"Grupo 3","np":4,"cix":2,"bm":0,"ix":3,"mn":"ADBE Vector Group","hd":false},{"ty":"gr","it":[{"ind":0,"ty":"sh","ix":1,"ks":{"a":0,"k":{"i":[[-0.537,8.575],[-0.233,4.17],[32.273,0.905],[-0.057,-33.982],[-9.079,-1.737],[-0.001,-0.003],[-0.047,-2.501],[0.346,-1.977],[-4.691,-1.712],[-11.023,13.949],[-1.386,2.806],[1.102,0.832]],"o":[[9.312,-11.48],[0.308,-5.516],[0,0],[0.039,23.537],[0,0.003],[0.179,1.208],[0.039,1.893],[-0.012,0.021],[4.048,1.478],[1.755,-2.221],[0,0],[-0.071,-4.247]],"v":[[12.822,3.558],[23.248,-29.312],[-4.748,-49.415],[-27.306,-21.056],[-14.543,14.811],[-14.542,14.819],[-14.047,20.706],[-14.446,26.648],[-22.834,49.939],[13.798,41.089],[14.238,31.273],[12.524,29.861]],"c":true},"ix":2},"nm":"Trazado 1","mn":"ADBE Vector Shape - Group","hd":false},{"ty":"fl","c":{"a":0,"k":[0.929000016755,0.651000019148,0.522000002394,1],"ix":4},"o":{"a":0,"k":100,"ix":5},"r":1,"bm":0,"nm":"Relleno 1","mn":"ADBE Vector Graphic - Fill","hd":false},{"ty":"tr","p":{"a":0,"k":[130.652,59.782],"ix":2},"a":{"a":0,"k":[0,0],"ix":1},"s":{"a":0,"k":[100,100],"ix":3},"r":{"a":0,"k":0,"ix":6},"o":{"a":0,"k":100,"ix":7},"sk":{"a":0,"k":0,"ix":4},"sa":{"a":0,"k":0,"ix":5},"nm":"Transformar"}],"nm":"Grupo 4","np":4,"cix":2,"bm":0,"ix":4,"mn":"ADBE Vector Group","hd":false},{"ty":"gr","it":[{"ind":0,"ty":"sh","ix":1,"ks":{"a":0,"k":{"i":[[0,0],[-34.76,-5.127],[0.013,-20.926],[-16.027,-28.633],[0,0],[0,0]],"o":[[0,0],[26.323,3.884],[-0.012,20.926],[16.025,28.633],[0,0],[0,0]],"v":[[-40.318,-19.111],[-6.059,-53.438],[19.814,-13.063],[24.794,28.368],[12.507,57.837],[-10.354,28.147]],"c":true},"ix":2},"nm":"Trazado 1","mn":"ADBE Vector Shape - Group","hd":false},{"ty":"fl","c":{"a":0,"k":[0,0,0,1],"ix":4},"o":{"a":0,"k":100,"ix":5},"r":1,"bm":0,"nm":"Relleno 1","mn":"ADBE Vector Graphic - Fill","hd":false},{"ty":"tr","p":{"a":0,"k":[143.664,57.837],"ix":2},"a":{"a":0,"k":[0,0],"ix":1},"s":{"a":0,"k":[100,100],"ix":3},"r":{"a":0,"k":0,"ix":6},"o":{"a":0,"k":100,"ix":7},"sk":{"a":0,"k":0,"ix":4},"sa":{"a":0,"k":0,"ix":5},"nm":"Transformar"}],"nm":"Grupo 5","np":4,"cix":2,"bm":0,"ix":5,"mn":"ADBE Vector Group","hd":false}],"ip":0,"op":1500,"st":0,"bm":0}],"markers":[]}